"Indicator","Age Group","Country","Sex","Year","WHO region","Display Value","Numeric","Low","High","Comments"
"Insufficiently active (age-standardized estimate)","15+","Afghanistan","Male","2008","Eastern Mediterranean","...","","","",""
"Insufficiently active (age-standardized estimate)","15+","Albania","Male","2008","Europe","...","","","",""
"Insufficiently active (age-standardized estimate)","15+","Algeria","Male","2008","Africa","31.9 [29.5-34.3]","","","",""
"Insufficiently active (age-standardized estimate)","15+","Andorra","Male","2008","Europe","...","","","",""
"Insufficiently active (age-standardized estimate)","15+","Angola","Male","2008","Africa","...","","","",""
"Insufficiently active (age-standardized estimate)","15+","Antigua and Barbuda","Male","2008","Americas","...","","","",""
"Insufficiently active (age-standardized estimate)","15+","Argentina","Male","2008","Americas","65.8 [31.8-86.6]","","","",""
"Insufficiently active (age-standardized estimate)","15+","Armenia","Male","2008","Europe","...","","","",""
"Insufficiently active (age-standardized estimate)","15+","Australia","Male","2008","Western Pacific","35.9 [14.9-68.5]","","","",""
"Insufficiently active (age-standardized estimate)","15+","Austria","Male","2008","Europe","30.3 [11.7-63.8]","","","",""
"Insufficiently active (age-standardized estimate)","15+","Azerbaijan","Male","2008","Europe","...","","","",""
"Insufficiently active (age-standardized estimate)","15+","Bahamas","Male","2008","Americas","...","","","",""
"Insufficiently active (age-standardized estimate)","15+","Bahrain","Male","2008","Eastern Mediterranean","...","","","",""
"Insufficiently active (age-standardized estimate)","15+","Bangladesh","Male","2008","South-East Asia","2.7 [2.3-3.3]","","","",""
"Insufficiently active (age-standardized estimate)","15+","Barbados","Male","2008","Americas","38.3 [34.4-42.0]","","","",""
"Insufficiently active (age-standardized estimate)","15+","Belarus","Male","2008","Europe","...","","","",""
"Insufficiently active (age-standardized estimate)","15+","Belgium","Male","2008","Europe","40.4 [17.4-72.4]","","","",""
"Insufficiently active (age-standardized estimate)","15+","Belize","Male","2008","Americas","...","","","",""
"Insufficiently active (age-standardized estimate)","15+","Benin","Male","2008","Africa","7.1 [6.3-8.0]","","","",""
"Insufficiently active (age-standardized estimate)","15+","Bhutan","Male","2008","South-East Asia","40.9 [13.4-66.0]","","","",""
"Insufficiently active (age-standardized estimate)","15+","Bolivia (Plurinational State of)","Male","2008","Americas","...","","","",""
"Insufficiently active (age-standardized estimate)","15+","Bosnia and Herzegovina","Male","2008","Europe","30.3 [10.8-60.3]","","","",""
"Insufficiently active (age-standardized estimate)","15+","Botswana","Male","2008","Africa","26.3 [24.2-28.4]","","","",""
"Insufficiently active (age-standardized estimate)","15+","Brazil","Male","2008","Americas","47.2 [20.4-77.1]","","","",""
"Insufficiently active (age-standardized estimate)","15+","Brunei Darussalam","Male","2008","Western Pacific","...","","","",""
"Insufficiently active (age-standardized estimate)","15+","Bulgaria","Male","2008","Europe","24.7 [9.0-58.5]","","","",""
"Insufficiently active (age-standardized estimate)","15+","Burkina Faso","Male","2008","Africa","14.6 [4.6-37.9]","","","",""
"Insufficiently active (age-standardized estimate)","15+","Burundi","Male","2008","Africa","...","","","",""
"Insufficiently active (age-standardized estimate)","15+","Cambodia","Male","2008","Western Pacific","11.4 [10.4-12.5]","","","",""
"Insufficiently active (age-standardized estimate)","15+","Cameroon","Male","2008","Africa","33 [9.2-54.4]","","","",""
"Insufficiently active (age-standardized estimate)","15+","Canada","Male","2008","Americas","32.3 [12.7-65.9]","","","",""
"Insufficiently active (age-standardized estimate)","15+","Cape Verde","Male","2008","Africa","12.1 [9.4-14.8]","","","",""
"Insufficiently active (age-standardized estimate)","15+","Central African Republic","Male","2008","Africa","...","","","",""
"Insufficiently active (age-standardized estimate)","15+","Chad","Male","2008","Africa","22.8 [8.1-54.6]","","","",""
"Insufficiently active (age-standardized estimate)","15+","Chile","Male","2008","Americas","...","","","",""
"Insufficiently active (age-standardized estimate)","15+","China","Male","2008","Western Pacific","29.7 [28.6-30.8]","","","",""
"Insufficiently active (age-standardized estimate)","15+","Colombia","Male","2008","Americas","39.7 [15.2-72.0]","","","",""
"Insufficiently active (age-standardized estimate)","15+","Comoros","Male","2008","Africa","6.1 [1.5-17.6]","","","",""
"Insufficiently active (age-standardized estimate)","15+","Congo","Male","2008","Africa","44.4 [17.5-74.5]","","","",""
"Insufficiently active (age-standardized estimate)","15+","Cook Islands","Male","2008","Western Pacific","70.9 [68.0-73.6]","","","",""
"Insufficiently active (age-standardized estimate)","15+","Costa Rica","Male","2008","Americas","...","","","",""
"Insufficiently active (age-standardized estimate)","15+","Côte d'Ivoire","Male","2008","Africa","28.8 [12.0-63.8]","","","",""
"Insufficiently active (age-standardized estimate)","15+","Croatia","Male","2008","Europe","26.2 [9.9-59.7]","","","",""
"Insufficiently active (age-standardized estimate)","15+","Cuba","Male","2008","Americas","...","","","",""
"Insufficiently active (age-standardized estimate)","15+","Cyprus","Male","2008","Europe","48.1 [20.9-78.0]","","","",""
"Insufficiently active (age-standardized estimate)","15+","Czech Republic","Male","2008","Europe","27.6 [10.8-56.2]","","","",""
"Insufficiently active (age-standardized estimate)","15+","Democratic People's Republic of Korea","Male","2008","South-East Asia","...","","","",""
"Insufficiently active (age-standardized estimate)","15+","Democratic Republic of the Congo","Male","2008","Africa","38.4 [35.0-41.9]","","","",""
"Insufficiently active (age-standardized estimate)","15+","Denmark","Male","2008","Europe","34.8 [13.6-68.5]","","","",""
"Insufficiently active (age-standardized estimate)","15+","Djibouti","Male","2008","Eastern Mediterranean","...","","","",""
"Insufficiently active (age-standardized estimate)","15+","Dominica","Male","2008","Americas","14.3 [10.5-18.4]","","","",""
"Insufficiently active (age-standardized estimate)","15+","Dominican Republic","Male","2008","Americas","57 [26.7-83.2]","","","",""
"Insufficiently active (age-standardized estimate)","15+","Ecuador","Male","2008","Americas","37 [14.7-70.9]","","","",""
"Insufficiently active (age-standardized estimate)","15+","Egypt","Male","2008","Eastern Mediterranean","...","","","",""
"Insufficiently active (age-standardized estimate)","15+","El Salvador","Male","2008","Americas","...","","","",""
"Insufficiently active (age-standardized estimate)","15+","Equatorial Guinea","Male","2008","Africa","...","","","",""
"Insufficiently active (age-standardized estimate)","15+","Eritrea","Male","2008","Africa","26 [23.0-29.2]","","","",""
"Insufficiently active (age-standardized estimate)","15+","Estonia","Male","2008","Europe","15.7 [6.1-44.4]","","","",""
"Insufficiently active (age-standardized estimate)","15+","Ethiopia","Male","2008","Africa","16.5 [5.2-43.0]","","","",""
"Insufficiently active (age-standardized estimate)","15+","Fiji","Male","2008","Western Pacific","...","","","",""
"Insufficiently active (age-standardized estimate)","15+","Finland","Male","2008","Europe","40.8 [16.9-73.1]","","","",""
"Insufficiently active (age-standardized estimate)","15+","France","Male","2008","Europe","27.7 [25.5-30.1]","","","",""
"Insufficiently active (age-standardized estimate)","15+","Gabon","Male","2008","Africa","26.8 [6.1-42.3]","","","",""
"Insufficiently active (age-standardized estimate)","15+","Gambia","Male","2008","Africa","20.4 [18.5-22.3]","","","",""
"Insufficiently active (age-standardized estimate)","15+","Georgia","Male","2008","Europe","21.1 [19.3-23.0]","","","",""
"Insufficiently active (age-standardized estimate)","15+","Germany","Male","2008","Europe","27.5 [10.3-60.6]","","","",""
"Insufficiently active (age-standardized estimate)","15+","Ghana","Male","2008","Africa","14.4 [13.0-15.8]","","","",""
"Insufficiently active (age-standardized estimate)","15+","Greece","Male","2008","Europe","16.7 [5.4-37.8]","","","",""
"Insufficiently active (age-standardized estimate)","15+","Grenada","Male","2008","Americas","...","","","",""
"Insufficiently active (age-standardized estimate)","15+","Guatemala","Male","2008","Americas","15.3 [5.0-42.9]","","","",""
"Insufficiently active (age-standardized estimate)","15+","Guinea","Male","2008","Africa","6.1 [1.9-18.6]","","","",""
"Insufficiently active (age-standardized estimate)","15+","Guinea-Bissau","Male","2008","Africa","...","","","",""
"Insufficiently active (age-standardized estimate)","15+","Guyana","Male","2008","Americas","...","","","",""
"Insufficiently active (age-standardized estimate)","15+","Haiti","Male","2008","Americas","...","","","",""
"Insufficiently active (age-standardized estimate)","15+","Afghanistan","Female","2008","Eastern Mediterranean","...","","","",""
"Insufficiently active (age-standardized estimate)","15+","Albania","Female","2008","Europe","...","","","",""
"Insufficiently active (age-standardized estimate)","15+","Algeria","Female","2008","Africa","49.2 [47.2-51.2]","","","",""
"Insufficiently active (age-standardized estimate)","15+","Andorra","Female","2008","Europe","...","","","",""
"Insufficiently active (age-standardized estimate)","15+","Angola","Female","2008","Africa","...","","","",""
"Insufficiently active (age-standardized estimate)","15+","Antigua and Barbuda","Female","2008","Americas","...","","","",""
"Insufficiently active (age-standardized estimate)","15+","Argentina","Female","2008","Americas","70.9 [36.3-89.0]","","","",""
"Insufficiently active (age-standardized estimate)","15+","Armenia","Female","2008","Europe","...","","","",""
"Insufficiently active (age-standardized estimate)","15+","Australia","Female","2008","Western Pacific","39.9 [16.6-72.2]","","","",""
"Insufficiently active (age-standardized estimate)","15+","Austria","Female","2008","Europe","39.2 [15.9-72.5]","","","",""
"Insufficiently active (age-standardized estimate)","15+","Azerbaijan","Female","2008","Europe","...","","","",""
"Insufficiently active (age-standardized estimate)","15+","Bahamas","Female","2008","Americas","...","","","",""
"Insufficiently active (age-standardized estimate)","15+","Bahrain","Female","2008","Eastern Mediterranean","...","","","",""
"Insufficiently active (age-standardized estimate)","15+","Bangladesh","Female","2008","South-East Asia","6.6 [5.9-7.3]","","","",""
"Insufficiently active (age-standardized estimate)","15+","Barbados","Female","2008","Americas","55.6 [51.2-60.0]","","","",""
"Insufficiently active (age-standardized estimate)","15+","Belarus","Female","2008","Europe","...","","","",""
"Insufficiently active (age-standardized estimate)","15+","Belgium","Female","2008","Europe","45 [21.4-76.9]","","","",""
"Insufficiently active (age-standardized estimate)","15+","Belize","Female","2008","Americas","...","","","",""
"Insufficiently active (age-standardized estimate)","15+","Benin","Female","2008","Africa","11.2 [10.2-12.3]","","","",""
"Insufficiently active (age-standardized estimate)","15+","Bhutan","Female","2008","South-East Asia","63.6 [30.6-85.2]","","","",""
"Insufficiently active (age-standardized estimate)","15+","Bolivia (Plurinational State of)","Female","2008","Americas","...","","","",""
"Insufficiently active (age-standardized estimate)","15+","Bosnia and Herzegovina","Female","2008","Europe","37 [15.1-70.4]","","","",""
"Insufficiently active (age-standardized estimate)","15+","Botswana","Female","2008","Africa","44.1 [41.3-46.9]","","","",""
"Insufficiently active (age-standardized estimate)","15+","Brazil","Female","2008","Americas","51.6 [22.6-79.9]","","","",""
"Insufficiently active (age-standardized estimate)","15+","Brunei Darussalam","Female","2008","Western Pacific","...","","","",""
"Insufficiently active (age-standardized estimate)","15+","Bulgaria","Female","2008","Europe","28.8 [11.1-62.4]","","","",""
"Insufficiently active (age-standardized estimate)","15+","Burkina Faso","Female","2008","Africa","16.3 [5.4-40.5]","","","",""
"Insufficiently active (age-standardized estimate)","15+","Burundi","Female","2008","Africa","...","","","",""
"Insufficiently active (age-standardized estimate)","15+","Cambodia","Female","2008","Western Pacific","11.1 [9.7-12.5]","","","",""
"Insufficiently active (age-standardized estimate)","15+","Cameroon","Female","2008","Africa","48.3 [18.7-73.8]","","","",""
"Insufficiently active (age-standardized estimate)","15+","Canada","Female","2008","Americas","35.4 [14.2-69.2]","","","",""
"Insufficiently active (age-standardized estimate)","15+","Cape Verde","Female","2008","Africa","29.4 [26.9-32.1]","","","",""
"Insufficiently active (age-standardized estimate)","15+","Central African Republic","Female","2008","Africa","...","","","",""
"Insufficiently active (age-standardized estimate)","15+","Chad","Female","2008","Africa","26.2 [9.8-59.7]","","","",""
"Insufficiently active (age-standardized estimate)","15+","Chile","Female","2008","Americas","...","","","",""
"Insufficiently active (age-standardized estimate)","15+","China","Female","2008","Western Pacific","32.3 [31.2-33.3]","","","",""
"Insufficiently active (age-standardized estimate)","15+","Colombia","Female","2008","Americas","48 [18.5-77.0]","","","",""
"Insufficiently active (age-standardized estimate)","15+","Comoros","Female","2008","Africa","10.6 [3.4-30.0]","","","",""
"Insufficiently active (age-standardized estimate)","15+","Congo","Female","2008","Africa","52.9 [24.8-81.5]","","","",""
"Insufficiently active (age-standardized estimate)","15+","Cook Islands","Female","2008","Western Pacific","73.2 [70.0-76.3]","","","",""
"Insufficiently active (age-standardized estimate)","15+","Costa Rica","Female","2008","Americas","...","","","",""
"Insufficiently active (age-standardized estimate)","15+","Côte d'Ivoire","Female","2008","Africa","36.9 [15.6-71.8]","","","",""
"Insufficiently active (age-standardized estimate)","15+","Croatia","Female","2008","Europe","21 [8.1-50.2]","","","",""
"Insufficiently active (age-standardized estimate)","15+","Cuba","Female","2008","Americas","...","","","",""
"Insufficiently active (age-standardized estimate)","15+","Cyprus","Female","2008","Europe","62.6 [29.5-85.6]","","","",""
"Insufficiently active (age-standardized estimate)","15+","Czech Republic","Female","2008","Europe","22.3 [8.2-49.3]","","","",""
"Insufficiently active (age-standardized estimate)","15+","Democratic People's Republic of Korea","Female","2008","South-East Asia","...","","","",""
"Insufficiently active (age-standardized estimate)","15+","Democratic Republic of the Congo","Female","2008","Africa","52 [49.1-54.9]","","","",""
"Insufficiently active (age-standardized estimate)","15+","Denmark","Female","2008","Europe","35.4 [14.1-69.3]","","","",""
"Insufficiently active (age-standardized estimate)","15+","Djibouti","Female","2008","Eastern Mediterranean","...","","","",""
"Insufficiently active (age-standardized estimate)","15+","Dominica","Female","2008","Americas","34.4 [31.3-37.9]","","","",""
"Insufficiently active (age-standardized estimate)","15+","Dominican Republic","Female","2008","Americas","62.9 [30.0-85.5]","","","",""
"Insufficiently active (age-standardized estimate)","15+","Ecuador","Female","2008","Americas","48.3 [20.3-78.1]","","","",""
"Insufficiently active (age-standardized estimate)","15+","Egypt","Female","2008","Eastern Mediterranean","...","","","",""
"Insufficiently active (age-standardized estimate)","15+","El Salvador","Female","2008","Americas","...","","","",""
"Insufficiently active (age-standardized estimate)","15+","Equatorial Guinea","Female","2008","Africa","...","","","",""
"Insufficiently active (age-standardized estimate)","15+","Eritrea","Female","2008","Africa","54.8 [51.4-58.0]","","","",""
"Insufficiently active (age-standardized estimate)","15+","Estonia","Female","2008","Europe","18.8 [7.0-49.3]","","","",""
"Insufficiently active (age-standardized estimate)","15+","Ethiopia","Female","2008","Africa","22.1 [7.5-52.4]","","","",""
"Insufficiently active (age-standardized estimate)","15+","Fiji","Female","2008","Western Pacific","...","","","",""
"Insufficiently active (age-standardized estimate)","15+","Finland","Female","2008","Europe","34.9 [14.0-68.3]","","","",""
"Insufficiently active (age-standardized estimate)","15+","France","Female","2008","Europe","37.2 [35.1-39.5]","","","",""
"Insufficiently active (age-standardized estimate)","15+","Gabon","Female","2008","Africa","46.4 [15.0-68.2]","","","",""
"Insufficiently active (age-standardized estimate)","15+","Gambia","Female","2008","Africa","28.7 [26.8-30.6]","","","",""
"Insufficiently active (age-standardized estimate)","15+","Georgia","Female","2008","Europe","23.5 [22.3-24.7]","","","",""
"Insufficiently active (age-standardized estimate)","15+","Germany","Female","2008","Europe","28.5 [10.7-62.3]","","","",""
"Insufficiently active (age-standardized estimate)","15+","Ghana","Female","2008","Africa","20.8 [19.1-22.5]","","","",""
"Insufficiently active (age-standardized estimate)","15+","Greece","Female","2008","Europe","14.5 [4.7-41.4]","","","",""
"Insufficiently active (age-standardized estimate)","15+","Grenada","Female","2008","Americas","...","","","",""
"Insufficiently active (age-standardized estimate)","15+","Guatemala","Female","2008","Americas","17 [5.7-46.4]","","","",""
"Insufficiently active (age-standardized estimate)","15+","Guinea","Female","2008","Africa","18.1 [5.6-37.5]","","","",""
"Insufficiently active (age-standardized estimate)","15+","Guinea-Bissau","Female","2008","Africa","...","","","",""
"Insufficiently active (age-standardized estimate)","15+","Guyana","Female","2008","Americas","...","","","",""
"Insufficiently active (age-standardized estimate)","15+","Haiti","Female","2008","Americas","...","","","",""
"Insufficiently active (age-standardized estimate)","15+","Afghanistan","Both sexes","2008","Eastern Mediterranean","...","","","",""
"Insufficiently active (age-standardized estimate)","15+","Albania","Both sexes","2008","Europe","...","","","",""
"Insufficiently active (age-standardized estimate)","15+","Algeria","Both sexes","2008","Africa","40.5 [39.0-42.1]","","","",""
"Insufficiently active (age-standardized estimate)","15+","Andorra","Both sexes","2008","Europe","...","","","",""
"Insufficiently active (age-standardized estimate)","15+","Angola","Both sexes","2008","Africa","...","","","",""
"Insufficiently active (age-standardized estimate)","15+","Antigua and Barbuda","Both sexes","2008","Americas","...","","","",""
"Insufficiently active (age-standardized estimate)","15+","Argentina","Both sexes","2008","Americas","68.3 [31.0-87.1]","","","",""
"Insufficiently active (age-standardized estimate)","15+","Armenia","Both sexes","2008","Europe","...","","","",""
"Insufficiently active (age-standardized estimate)","15+","Australia","Both sexes","2008","Western Pacific","37.9 [14.9-70.5]","","","",""
"Insufficiently active (age-standardized estimate)","15+","Austria","Both sexes","2008","Europe","34.8 [14.4-69.7]","","","",""
"Insufficiently active (age-standardized estimate)","15+","Azerbaijan","Both sexes","2008","Europe","...","","","",""
"Insufficiently active (age-standardized estimate)","15+","Bahamas","Both sexes","2008","Americas","...","","","",""
"Insufficiently active (age-standardized estimate)","15+","Bahrain","Both sexes","2008","Eastern Mediterranean","...","","","",""
"Insufficiently active (age-standardized estimate)","15+","Bangladesh","Both sexes","2008","South-East Asia","4.7 [4.3-5.1]","","","",""
"Insufficiently active (age-standardized estimate)","15+","Barbados","Both sexes","2008","Americas","46.9 [44.0-49.8]","","","",""
"Insufficiently active (age-standardized estimate)","15+","Belarus","Both sexes","2008","Europe","...","","","",""
"Insufficiently active (age-standardized estimate)","15+","Belgium","Both sexes","2008","Europe","42.7 [17.7-73.9]","","","",""
"Insufficiently active (age-standardized estimate)","15+","Belize","Both sexes","2008","Americas","...","","","",""
"Insufficiently active (age-standardized estimate)","15+","Benin","Both sexes","2008","Africa","9.1 [8.5-9.8]","","","",""
"Insufficiently active (age-standardized estimate)","15+","Bhutan","Both sexes","2008","South-East Asia","52.3 [19.7-74.1]","","","",""
"Insufficiently active (age-standardized estimate)","15+","Bolivia (Plurinational State of)","Both sexes","2008","Americas","...","","","",""
"Insufficiently active (age-standardized estimate)","15+","Bosnia and Herzegovina","Both sexes","2008","Europe","33.6 [12.4-65.2]","","","",""
"Insufficiently active (age-standardized estimate)","15+","Botswana","Both sexes","2008","Africa","35.2 [33.5-36.8]","","","",""
"Insufficiently active (age-standardized estimate)","15+","Brazil","Both sexes","2008","Americas","49.4 [78.2-78.0]","","","",""
"Insufficiently active (age-standardized estimate)","15+","Brunei Darussalam","Both sexes","2008","Western Pacific","...","","","",""
"Insufficiently active (age-standardized estimate)","15+","Bulgaria","Both sexes","2008","Europe","26.8 [10.0-61.7]","","","",""
"Insufficiently active (age-standardized estimate)","15+","Burkina Faso","Both sexes","2008","Africa","15.5 [5.6-42.9]","","","",""
"Insufficiently active (age-standardized estimate)","15+","Burundi","Both sexes","2008","Africa","...","","","",""
"Insufficiently active (age-standardized estimate)","15+","Cambodia","Both sexes","2008","Western Pacific","11.2 [10.4-12.1]","","","",""
"Insufficiently active (age-standardized estimate)","15+","Cameroon","Both sexes","2008","Africa","40.7 [15.8-67.0]","","","",""
"Insufficiently active (age-standardized estimate)","15+","Canada","Both sexes","2008","Americas","33.9 [12.9-67.6]","","","",""
"Insufficiently active (age-standardized estimate)","15+","Cape Verde","Both sexes","2008","Africa","20.7 [18.9-22.7]","","","",""
"Insufficiently active (age-standardized estimate)","15+","Central African Republic","Both sexes","2008","Africa","...","","","",""
"Insufficiently active (age-standardized estimate)","15+","Chad","Both sexes","2008","Africa","24.5 [9.1-59.6]","","","",""
"Insufficiently active (age-standardized estimate)","15+","Chile","Both sexes","2008","Americas","...","","","",""
"Insufficiently active (age-standardized estimate)","15+","China","Both sexes","2008","Western Pacific","31 [30.2-31.8]","","","",""
"Insufficiently active (age-standardized estimate)","15+","Colombia","Both sexes","2008","Americas","43.9 [15.4-75.0]","","","",""
"Insufficiently active (age-standardized estimate)","15+","Comoros","Both sexes","2008","Africa","8.3 [2.9-29.2]","","","",""
"Insufficiently active (age-standardized estimate)","15+","Congo","Both sexes","2008","Africa","48.6 [19.3-77.4]","","","",""
"Insufficiently active (age-standardized estimate)","15+","Cook Islands","Both sexes","2008","Western Pacific","72 [69.9-74.1]","","","",""
"Insufficiently active (age-standardized estimate)","15+","Costa Rica","Both sexes","2008","Americas","...","","","",""
"Insufficiently active (age-standardized estimate)","15+","Côte d'Ivoire","Both sexes","2008","Africa","32.8 [13.1-67.7]","","","",""
"Insufficiently active (age-standardized estimate)","15+","Croatia","Both sexes","2008","Europe","23.6 [8.7-56.5]","","","",""
"Insufficiently active (age-standardized estimate)","15+","Cuba","Both sexes","2008","Americas","...","","","",""
"Insufficiently active (age-standardized estimate)","15+","Cyprus","Both sexes","2008","Europe","55.4 [23.3-81.6]","","","",""
"Insufficiently active (age-standardized estimate)","15+","Czech Republic","Both sexes","2008","Europe","25 [9.8-58.3]","","","",""
"Insufficiently active (age-standardized estimate)","15+","Democratic People's Republic of Korea","Both sexes","2008","South-East Asia","...","","","",""
"Insufficiently active (age-standardized estimate)","15+","Democratic Republic of the Congo","Both sexes","2008","Africa","45.2 [43.0-47.4]","","","",""
"Insufficiently active (age-standardized estimate)","15+","Denmark","Both sexes","2008","Europe","35.1 [13.6-69.1]","","","",""
"Insufficiently active (age-standardized estimate)","15+","Djibouti","Both sexes","2008","Eastern Mediterranean","...","","","",""
"Insufficiently active (age-standardized estimate)","15+","Dominica","Both sexes","2008","Americas","24.4 [21.8-27.1]","","","",""
"Insufficiently active (age-standardized estimate)","15+","Dominican Republic","Both sexes","2008","Americas","60 [26.0-83.6]","","","",""
"Insufficiently active (age-standardized estimate)","15+","Ecuador","Both sexes","2008","Americas","42.6 [17.3-74.9]","","","",""
"Insufficiently active (age-standardized estimate)","15+","Egypt","Both sexes","2008","Eastern Mediterranean","...","","","",""
"Insufficiently active (age-standardized estimate)","15+","El Salvador","Both sexes","2008","Americas","...","","","",""
"Insufficiently active (age-standardized estimate)","15+","Equatorial Guinea","Both sexes","2008","Africa","...","","","",""
"Insufficiently active (age-standardized estimate)","15+","Eritrea","Both sexes","2008","Africa","40.4 [38.0-42.8]","","","",""
"Insufficiently active (age-standardized estimate)","15+","Estonia","Both sexes","2008","Europe","17.2 [6.4-49.4]","","","",""
"Insufficiently active (age-standardized estimate)","15+","Ethiopia","Both sexes","2008","Africa","19.3 [7.2-51.8]","","","",""
"Insufficiently active (age-standardized estimate)","15+","Fiji","Both sexes","2008","Western Pacific","...","","","",""
"Insufficiently active (age-standardized estimate)","15+","Finland","Both sexes","2008","Europe","37.8 [14.7-70.8]","","","",""
"Insufficiently active (age-standardized estimate)","15+","France","Both sexes","2008","Europe","32.5 [30.9-34.1]","","","",""
"Insufficiently active (age-standardized estimate)","15+","Gabon","Both sexes","2008","Africa","36.6 [10.1-55.5]","","","",""
"Insufficiently active (age-standardized estimate)","15+","Gambia","Both sexes","2008","Africa","24.5 [23.2-25.9]","","","",""
"Insufficiently active (age-standardized estimate)","15+","Georgia","Both sexes","2008","Europe","22.3 [21.3-23.3]","","","",""
"Insufficiently active (age-standardized estimate)","15+","Germany","Both sexes","2008","Europe","28 [10.2-62.0]","","","",""
"Insufficiently active (age-standardized estimate)","15+","Ghana","Both sexes","2008","Africa","17.6 [16.5-18.7]","","","",""
"Insufficiently active (age-standardized estimate)","15+","Greece","Both sexes","2008","Europe","15.6 [5.5-43.9]","","","",""
"Insufficiently active (age-standardized estimate)","15+","Grenada","Both sexes","2008","Americas","...","","","",""
"Insufficiently active (age-standardized estimate)","15+","Guatemala","Both sexes","2008","Americas","16.2 [5.7-48.0]","","","",""
"Insufficiently active (age-standardized estimate)","15+","Guinea","Both sexes","2008","Africa","12.1 [3.3-25.5]","","","",""
"Insufficiently active (age-standardized estimate)","15+","Guinea-Bissau","Both sexes","2008","Africa","...","","","",""
"Insufficiently active (age-standardized estimate)","15+","Guyana","Both sexes","2008","Americas","...","","","",""
"Insufficiently active (age-standardized estimate)","15+","Haiti","Both sexes","2008","Americas","...","","","",""
"Insufficiently active (age-standardized estimate)","15+","Honduras","Male","2008","Americas","...","","","",""
"Insufficiently active (age-standardized estimate)","15+","Hungary","Male","2008","Europe","26.4 [10.7-60.5]","","","",""
"Insufficiently active (age-standardized estimate)","15+","Iceland","Male","2008","Europe","...","","","",""
"Insufficiently active (age-standardized estimate)","15+","India","Male","2008","South-East Asia","12.7 [11.8-13.7]","","","",""
"Insufficiently active (age-standardized estimate)","15+","Indonesia","Male","2008","South-East Asia","31.5 [28.4-34.8]","","","",""
"Insufficiently active (age-standardized estimate)","15+","Iran (Islamic Republic of)","Male","2008","Eastern Mediterranean","27.1 [26.4-27.8]","","","",""
"Insufficiently active (age-standardized estimate)","15+","Iraq","Male","2008","Eastern Mediterranean","62.8 [60.6-64.9]","","","",""
"Insufficiently active (age-standardized estimate)","15+","Ireland","Male","2008","Europe","47.8 [20.7-78.3]","","","",""
"Insufficiently active (age-standardized estimate)","15+","Israel","Male","2008","Europe","...","","","",""
"Insufficiently active (age-standardized estimate)","15+","Italy","Male","2008","Europe","49.6 [21.9-79.6]","","","",""
"Insufficiently active (age-standardized estimate)","15+","Jamaica","Male","2008","Americas","43.9 [18.6-75.4]","","","",""
"Insufficiently active (age-standardized estimate)","15+","Japan","Male","2008","Western Pacific","58.9 [24.6-81.1]","","","",""
"Insufficiently active (age-standardized estimate)","15+","Jordan","Male","2008","Eastern Mediterranean","...","","","",""
"Insufficiently active (age-standardized estimate)","15+","Kazakhstan","Male","2008","Europe","32 [12.8-66.3]","","","",""
"Insufficiently active (age-standardized estimate)","15+","Kenya","Male","2008","Africa","15.1 [4.6-40.4]","","","",""
"Insufficiently active (age-standardized estimate)","15+","Kiribati","Male","2008","Western Pacific","38.4 [34.8-42.1]","","","",""
"Insufficiently active (age-standardized estimate)","15+","Kuwait","Male","2008","Eastern Mediterranean","56.9 [54.4-59.2]","","","",""
"Insufficiently active (age-standardized estimate)","15+","Kyrgyzstan","Male","2008","Europe","...","","","",""
"Insufficiently active (age-standardized estimate)","15+","Lao People's Democratic Republic","Male","2008","Western Pacific","16.7 [5.3-43.5]","","","",""
"Insufficiently active (age-standardized estimate)","15+","Latvia","Male","2008","Europe","28.1 [10.9-60.9]","","","",""
"Insufficiently active (age-standardized estimate)","15+","Lebanon","Male","2008","Eastern Mediterranean","51.9 [48.5-55.2]","","","",""
"Insufficiently active (age-standardized estimate)","15+","Lesotho","Male","2008","Africa","...","","","",""
"Insufficiently active (age-standardized estimate)","15+","Liberia","Male","2008","Africa","...","","","",""
"Insufficiently active (age-standardized estimate)","15+","Libya","Male","2008","Eastern Mediterranean","37.3 [34.9-39.7]","","","",""
"Insufficiently active (age-standardized estimate)","15+","Lithuania","Male","2008","Europe","20.3 [16.9-24.1]","","","",""
"Insufficiently active (age-standardized estimate)","15+","Luxembourg","Male","2008","Europe","49.9 [21.3-81.2]","","","",""
"Insufficiently active (age-standardized estimate)","15+","Madagascar","Male","2008","Africa","18.3 [16.6-20.1]","","","",""
"Insufficiently active (age-standardized estimate)","15+","Malawi","Male","2008","Africa","7.3 [6.0-8.6]","","","",""
"Insufficiently active (age-standardized estimate)","15+","Malaysia","Male","2008","Western Pacific","57.3 [54.3-60.4]","","","",""
"Insufficiently active (age-standardized estimate)","15+","Maldives","Male","2008","South-East Asia","36.6 [10.3-59.9]","","","",""
"Insufficiently active (age-standardized estimate)","15+","Mali","Male","2008","Africa","17.9 [5.6-45.7]","","","",""
"Insufficiently active (age-standardized estimate)","15+","Malta","Male","2008","Europe","70.7 [32.1-88.5]","","","",""
"Insufficiently active (age-standardized estimate)","15+","Marshall Islands","Male","2008","Western Pacific","43.5 [40.6-46.3]","","","",""
"Insufficiently active (age-standardized estimate)","15+","Mauritania","Male","2008","Africa","40 [19.1-77.6]","","","",""
"Insufficiently active (age-standardized estimate)","15+","Mauritius","Male","2008","Africa","38.2 [15.0-70.0]","","","",""
"Insufficiently active (age-standardized estimate)","15+","Mexico","Male","2008","Americas","37.1 [14.8-70.0]","","","",""
"Insufficiently active (age-standardized estimate)","15+","Micronesia (Federated States of)","Male","2008","Western Pacific","58.2 [55.2-61.1]","","","",""
"Insufficiently active (age-standardized estimate)","15+","Monaco","Male","2008","Europe","...","","","",""
"Insufficiently active (age-standardized estimate)","15+","Mongolia","Male","2008","Western Pacific","9.3 [8.3-10.5]","","","",""
"Insufficiently active (age-standardized estimate)","15+","Morocco","Male","2008","Eastern Mediterranean","...","","","",""
"Insufficiently active (age-standardized estimate)","15+","Mozambique","Male","2008","Africa","6.7 [5.4-8.2]","","","",""
"Insufficiently active (age-standardized estimate)","15+","Myanmar","Male","2008","South-East Asia","10.4 [9.3-11.6]","","","",""
"Insufficiently active (age-standardized estimate)","15+","Namibia","Male","2008","Africa","51.9 [22.7-80.2]","","","",""
"Insufficiently active (age-standardized estimate)","15+","Nauru","Male","2008","Western Pacific","43 [40.0-46.0]","","","",""
"Insufficiently active (age-standardized estimate)","15+","Nepal","Male","2008","South-East Asia","13.9 [4.5-38.3]","","","",""
"Insufficiently active (age-standardized estimate)","15+","Netherlands","Male","2008","Europe","21.3 [8.2-52.5]","","","",""
"Insufficiently active (age-standardized estimate)","15+","New Zealand","Male","2008","Western Pacific","45 [43.6-46.3]","","","",""
"Insufficiently active (age-standardized estimate)","15+","Nicaragua","Male","2008","Americas","...","","","",""
"Insufficiently active (age-standardized estimate)","15+","Niger","Male","2008","Africa","24.4 [22.1-26.8]","","","",""
"Insufficiently active (age-standardized estimate)","15+","Nigeria","Male","2008","Africa","...","","","",""
"Insufficiently active (age-standardized estimate)","15+","Niue","Male","2008","Western Pacific","...","","","",""
"Insufficiently active (age-standardized estimate)","15+","Norway","Male","2008","Europe","43.4 [18.7-75.5]","","","",""
"Insufficiently active (age-standardized estimate)","15+","Oman","Male","2008","Eastern Mediterranean","...","","","",""
"Insufficiently active (age-standardized estimate)","15+","Pakistan","Male","2008","Eastern Mediterranean","32.7 [12.7-65.7]","","","",""
"Insufficiently active (age-standardized estimate)","15+","Palau","Male","2008","Western Pacific","...","","","",""
"Insufficiently active (age-standardized estimate)","15+","Panama","Male","2008","Americas","...","","","",""
"Insufficiently active (age-standardized estimate)","15+","Papua New Guinea","Male","2008","Western Pacific","17.2 [15.2-19.3]","","","",""
"Insufficiently active (age-standardized estimate)","15+","Paraguay","Male","2008","Americas","40.7 [16.6-72.9]","","","",""
"Insufficiently active (age-standardized estimate)","15+","Peru","Male","2008","Americas","...","","","",""
"Insufficiently active (age-standardized estimate)","15+","Philippines","Male","2008","Western Pacific","21.2 [7.6-53.6]","","","",""
"Insufficiently active (age-standardized estimate)","15+","Poland","Male","2008","Europe","23.5 [8.7-56.8]","","","",""
"Insufficiently active (age-standardized estimate)","15+","Portugal","Male","2008","Europe","47.5 [23.1-79.3]","","","",""
"Insufficiently active (age-standardized estimate)","15+","Qatar","Male","2008","Eastern Mediterranean","...","","","",""
"Insufficiently active (age-standardized estimate)","15+","Republic of Korea","Male","2008","Western Pacific","...","","","",""
"Insufficiently active (age-standardized estimate)","15+","Republic of Moldova","Male","2008","Europe","...","","","",""
"Insufficiently active (age-standardized estimate)","15+","Romania","Male","2008","Europe","31.2 [11.9-65.5]","","","",""
"Insufficiently active (age-standardized estimate)","15+","Russian Federation","Male","2008","Europe","22.7 [8.2-54.7]","","","",""
"Insufficiently active (age-standardized estimate)","15+","Rwanda","Male","2008","Africa","...","","","",""
"Insufficiently active (age-standardized estimate)","15+","Saint Kitts and Nevis","Male","2008","Americas","28.7 [24.8-32.8]","","","",""
"Insufficiently active (age-standardized estimate)","15+","Saint Lucia","Male","2008","Americas","...","","","",""
"Insufficiently active (age-standardized estimate)","15+","Saint Vincent and the Grenadines","Male","2008","Americas","...","","","",""
"Insufficiently active (age-standardized estimate)","15+","Samoa","Male","2008","Western Pacific","36.8 [34.3-39.3]","","","",""
"Insufficiently active (age-standardized estimate)","15+","San Marino","Male","2008","Europe","...","","","",""
"Insufficiently active (age-standardized estimate)","15+","Honduras","Female","2008","Americas","...","","","",""
"Insufficiently active (age-standardized estimate)","15+","Hungary","Female","2008","Europe","25.6 [10.4-58.7]","","","",""
"Insufficiently active (age-standardized estimate)","15+","Iceland","Female","2008","Europe","...","","","",""
"Insufficiently active (age-standardized estimate)","15+","India","Female","2008","South-East Asia","18.4 [17.5-19.3]","","","",""
"Insufficiently active (age-standardized estimate)","15+","Indonesia","Female","2008","South-East Asia","28.1 [25.4-30.9]","","","",""
"Insufficiently active (age-standardized estimate)","15+","Iran (Islamic Republic of)","Female","2008","Eastern Mediterranean","47 [46.2-47.8]","","","",""
"Insufficiently active (age-standardized estimate)","15+","Iraq","Female","2008","Eastern Mediterranean","54 [52.0-55.9]","","","",""
"Insufficiently active (age-standardized estimate)","15+","Ireland","Female","2008","Europe","58.5 [27.0-83.4]","","","",""
"Insufficiently active (age-standardized estimate)","15+","Israel","Female","2008","Europe","...","","","",""
"Insufficiently active (age-standardized estimate)","15+","Italy","Female","2008","Europe","59.8 [28.3-84.8]","","","",""
"Insufficiently active (age-standardized estimate)","15+","Jamaica","Female","2008","Americas","51.6 [23.1-80.2]","","","",""
"Insufficiently active (age-standardized estimate)","15+","Japan","Female","2008","Western Pacific","61.6 [26.3-83.7]","","","",""
"Insufficiently active (age-standardized estimate)","15+","Jordan","Female","2008","Eastern Mediterranean","...","","","",""
"Insufficiently active (age-standardized estimate)","15+","Kazakhstan","Female","2008","Europe","31 [12.7-65.7]","","","",""
"Insufficiently active (age-standardized estimate)","15+","Kenya","Female","2008","Africa","18 [6.1-46.8]","","","",""
"Insufficiently active (age-standardized estimate)","15+","Kiribati","Female","2008","Western Pacific","54.9 [51.7-58.2]","","","",""
"Insufficiently active (age-standardized estimate)","15+","Kuwait","Female","2008","Eastern Mediterranean","72.1 [68.8-75.3]","","","",""
"Insufficiently active (age-standardized estimate)","15+","Kyrgyzstan","Female","2008","Europe","...","","","",""
"Insufficiently active (age-standardized estimate)","15+","Lao People's Democratic Republic","Female","2008","Western Pacific","21 [7.3-51.0]","","","",""
"Insufficiently active (age-standardized estimate)","15+","Latvia","Female","2008","Europe","35.9 [14.0-69.7]","","","",""
"Insufficiently active (age-standardized estimate)","15+","Lebanon","Female","2008","Eastern Mediterranean","41.7 [38.8-44.7]","","","",""
"Insufficiently active (age-standardized estimate)","15+","Lesotho","Female","2008","Africa","...","","","",""
"Insufficiently active (age-standardized estimate)","15+","Liberia","Female","2008","Africa","...","","","",""
"Insufficiently active (age-standardized estimate)","15+","Libya","Female","2008","Eastern Mediterranean","54.4 [52.1-56.7]","","","",""
"Insufficiently active (age-standardized estimate)","15+","Lithuania","Female","2008","Europe","24.9 [21.4-28.8]","","","",""
"Insufficiently active (age-standardized estimate)","15+","Luxembourg","Female","2008","Europe","45.5 [18.4-77.6]","","","",""
"Insufficiently active (age-standardized estimate)","15+","Madagascar","Female","2008","Africa","28.3 [26.4-30.3]","","","",""
"Insufficiently active (age-standardized estimate)","15+","Malawi","Female","2008","Africa","13.2 [11.9-14.6]","","","",""
"Insufficiently active (age-standardized estimate)","15+","Malaysia","Female","2008","Western Pacific","65.6 [63.1-67.9]","","","",""
"Insufficiently active (age-standardized estimate)","15+","Maldives","Female","2008","South-East Asia","41.3 [14.7-69.0]","","","",""
"Insufficiently active (age-standardized estimate)","15+","Mali","Female","2008","Africa","23.8 [8.8-56.7]","","","",""
"Insufficiently active (age-standardized estimate)","15+","Malta","Female","2008","Europe","73.1 [36.7-89.4]","","","",""
"Insufficiently active (age-standardized estimate)","15+","Marshall Islands","Female","2008","Western Pacific","55.7 [53.3-58.1]","","","",""
"Insufficiently active (age-standardized estimate)","15+","Mauritania","Female","2008","Africa","47.6 [29.6-86.3]","","","",""
"Insufficiently active (age-standardized estimate)","15+","Mauritius","Female","2008","Africa","39.1 [15.5-70.6]","","","",""
"Insufficiently active (age-standardized estimate)","15+","Mexico","Female","2008","Americas","38.4 [15.5-71.7]","","","",""
"Insufficiently active (age-standardized estimate)","15+","Micronesia (Federated States of)","Female","2008","Western Pacific","74.4 [70.2-78.6]","","","",""
"Insufficiently active (age-standardized estimate)","15+","Monaco","Female","2008","Europe","...","","","",""
"Insufficiently active (age-standardized estimate)","15+","Mongolia","Female","2008","Western Pacific","9.5 [8.6-10.4]","","","",""
"Insufficiently active (age-standardized estimate)","15+","Morocco","Female","2008","Eastern Mediterranean","...","","","",""
"Insufficiently active (age-standardized estimate)","15+","Mozambique","Female","2008","Africa","7.4 [6.3-8.7]","","","",""
"Insufficiently active (age-standardized estimate)","15+","Myanmar","Female","2008","South-East Asia","14.9 [13.9-15.9]","","","",""
"Insufficiently active (age-standardized estimate)","15+","Namibia","Female","2008","Africa","65.1 [31.7-86.4]","","","",""
"Insufficiently active (age-standardized estimate)","15+","Nauru","Female","2008","Western Pacific","50 [46.9-53.1]","","","",""
"Insufficiently active (age-standardized estimate)","15+","Nepal","Female","2008","South-East Asia","17 [5.9-44.1]","","","",""
"Insufficiently active (age-standardized estimate)","15+","Netherlands","Female","2008","Europe","15.2 [5.2-43.6]","","","",""
"Insufficiently active (age-standardized estimate)","15+","New Zealand","Female","2008","Western Pacific","50.4 [49.2-51.6]","","","",""
"Insufficiently active (age-standardized estimate)","15+","Nicaragua","Female","2008","Americas","...","","","",""
"Insufficiently active (age-standardized estimate)","15+","Niger","Female","2008","Africa","34.2 [31.6-36.9]","","","",""
"Insufficiently active (age-standardized estimate)","15+","Nigeria","Female","2008","Africa","...","","","",""
"Insufficiently active (age-standardized estimate)","15+","Niue","Female","2008","Western Pacific","...","","","",""
"Insufficiently active (age-standardized estimate)","15+","Norway","Female","2008","Europe","45 [18.9-76.6]","","","",""
"Insufficiently active (age-standardized estimate)","15+","Oman","Female","2008","Eastern Mediterranean","...","","","",""
"Insufficiently active (age-standardized estimate)","15+","Pakistan","Female","2008","Eastern Mediterranean","48.1 [20.1-77.5]","","","",""
"Insufficiently active (age-standardized estimate)","15+","Palau","Female","2008","Western Pacific","...","","","",""
"Insufficiently active (age-standardized estimate)","15+","Panama","Female","2008","Americas","...","","","",""
"Insufficiently active (age-standardized estimate)","15+","Papua New Guinea","Female","2008","Western Pacific","21.5 [19.7-23.4]","","","",""
"Insufficiently active (age-standardized estimate)","15+","Paraguay","Female","2008","Americas","42 [17.2-73.9]","","","",""
"Insufficiently active (age-standardized estimate)","15+","Peru","Female","2008","Americas","...","","","",""
"Insufficiently active (age-standardized estimate)","15+","Philippines","Female","2008","Western Pacific","26.2 [9.8-60.4]","","","",""
"Insufficiently active (age-standardized estimate)","15+","Poland","Female","2008","Europe","31.6 [12.3-66.1]","","","",""
"Insufficiently active (age-standardized estimate)","15+","Portugal","Female","2008","Europe","54.4 [24.3-81.5]","","","",""
"Insufficiently active (age-standardized estimate)","15+","Qatar","Female","2008","Eastern Mediterranean","...","","","",""
"Insufficiently active (age-standardized estimate)","15+","Republic of Korea","Female","2008","Western Pacific","...","","","",""
"Insufficiently active (age-standardized estimate)","15+","Republic of Moldova","Female","2008","Europe","...","","","",""
"Insufficiently active (age-standardized estimate)","15+","Romania","Female","2008","Europe","46.2 [18.5-76.4]","","","",""
"Insufficiently active (age-standardized estimate)","15+","Russian Federation","Female","2008","Europe","18.8 [6.7-46.1]","","","",""
"Insufficiently active (age-standardized estimate)","15+","Rwanda","Female","2008","Africa","...","","","",""
"Insufficiently active (age-standardized estimate)","15+","Saint Kitts and Nevis","Female","2008","Americas","47.9 [44.5-51.2]","","","",""
"Insufficiently active (age-standardized estimate)","15+","Saint Lucia","Female","2008","Americas","...","","","",""
"Insufficiently active (age-standardized estimate)","15+","Saint Vincent and the Grenadines","Female","2008","Americas","...","","","",""
"Insufficiently active (age-standardized estimate)","15+","Samoa","Female","2008","Western Pacific","65.4 [62.7-68.1]","","","",""
"Insufficiently active (age-standardized estimate)","15+","San Marino","Female","2008","Europe","...","","","",""
"Insufficiently active (age-standardized estimate)","15+","Honduras","Both sexes","2008","Americas","...","","","",""
"Insufficiently active (age-standardized estimate)","15+","Hungary","Both sexes","2008","Europe","26 [9.7-60.2]","","","",""
"Insufficiently active (age-standardized estimate)","15+","Iceland","Both sexes","2008","Europe","...","","","",""
"Insufficiently active (age-standardized estimate)","15+","India","Both sexes","2008","South-East Asia","15.6 [14.9-16.2]","","","",""
"Insufficiently active (age-standardized estimate)","15+","Indonesia","Both sexes","2008","South-East Asia","29.8 [27.7-31.9]","","","",""
"Insufficiently active (age-standardized estimate)","15+","Iran (Islamic Republic of)","Both sexes","2008","Eastern Mediterranean","37 [36.5-37.6]","","","",""
"Insufficiently active (age-standardized estimate)","15+","Iraq","Both sexes","2008","Eastern Mediterranean","58.4 [56.9-59.8]","","","",""
"Insufficiently active (age-standardized estimate)","15+","Ireland","Both sexes","2008","Europe","53.2 [23.0-80.8]","","","",""
"Insufficiently active (age-standardized estimate)","15+","Israel","Both sexes","2008","Europe","...","","","",""
"Insufficiently active (age-standardized estimate)","15+","Italy","Both sexes","2008","Europe","54.7 [22.5-81.0]","","","",""
"Insufficiently active (age-standardized estimate)","15+","Jamaica","Both sexes","2008","Americas","47.8 [19.4-77.8]","","","",""
"Insufficiently active (age-standardized estimate)","15+","Japan","Both sexes","2008","Western Pacific","60.2 [24.8-82.5]","","","",""
"Insufficiently active (age-standardized estimate)","15+","Jordan","Both sexes","2008","Eastern Mediterranean","...","","","",""
"Insufficiently active (age-standardized estimate)","15+","Kazakhstan","Both sexes","2008","Europe","31.5 [12.1-66.0]","","","",""
"Insufficiently active (age-standardized estimate)","15+","Kenya","Both sexes","2008","Africa","16.5 [5.6-46.9]","","","",""
"Insufficiently active (age-standardized estimate)","15+","Kiribati","Both sexes","2008","Western Pacific","46.7 [44.2-49.1]","","","",""
"Insufficiently active (age-standardized estimate)","15+","Kuwait","Both sexes","2008","Eastern Mediterranean","64.5 [62.5-66.4]","","","",""
"Insufficiently active (age-standardized estimate)","15+","Kyrgyzstan","Both sexes","2008","Europe","...","","","",""
"Insufficiently active (age-standardized estimate)","15+","Lao People's Democratic Republic","Both sexes","2008","Western Pacific","18.8 [6.6-50.6]","","","",""
"Insufficiently active (age-standardized estimate)","15+","Latvia","Both sexes","2008","Europe","32 [12.1-66.5]","","","",""
"Insufficiently active (age-standardized estimate)","15+","Lebanon","Both sexes","2008","Eastern Mediterranean","46.8 [44.6-49.0]","","","",""
"Insufficiently active (age-standardized estimate)","15+","Lesotho","Both sexes","2008","Africa","...","","","",""
"Insufficiently active (age-standardized estimate)","15+","Liberia","Both sexes","2008","Africa","...","","","",""
"Insufficiently active (age-standardized estimate)","15+","Libya","Both sexes","2008","Eastern Mediterranean","45.8 [44.2-47.5]","","","",""
"Insufficiently active (age-standardized estimate)","15+","Lithuania","Both sexes","2008","Europe","22.6 [20.1-25.3]","","","",""
"Insufficiently active (age-standardized estimate)","15+","Luxembourg","Both sexes","2008","Europe","47.7 [18.4-76.6]","","","",""
"Insufficiently active (age-standardized estimate)","15+","Madagascar","Both sexes","2008","Africa","23.3 [22.0-24.6]","","","",""
"Insufficiently active (age-standardized estimate)","15+","Malawi","Both sexes","2008","Africa","10.2 [9.3-11.2]","","","",""
"Insufficiently active (age-standardized estimate)","15+","Malaysia","Both sexes","2008","Western Pacific","61.4 [59.5-63.3]","","","",""
"Insufficiently active (age-standardized estimate)","15+","Maldives","Both sexes","2008","South-East Asia","39 [13.1-63.9]","","","",""
"Insufficiently active (age-standardized estimate)","15+","Mali","Both sexes","2008","Africa","20.9 [8.0-55.5]","","","",""
"Insufficiently active (age-standardized estimate)","15+","Malta","Both sexes","2008","Europe","71.9 [31.0-87.2]","","","",""
"Insufficiently active (age-standardized estimate)","15+","Marshall Islands","Both sexes","2008","Western Pacific","49.6 [47.7-51.4]","","","",""
"Insufficiently active (age-standardized estimate)","15+","Mauritania","Both sexes","2008","Africa","43.8 [22.5-83.1]","","","",""
"Insufficiently active (age-standardized estimate)","15+","Mauritius","Both sexes","2008","Africa","38.6 [15.1-70.7]","","","",""
"Insufficiently active (age-standardized estimate)","15+","Mexico","Both sexes","2008","Americas","37.7 [14.4-70.5]","","","",""
"Insufficiently active (age-standardized estimate)","15+","Micronesia (Federated States of)","Both sexes","2008","Western Pacific","66.3 [63.8-68.8]","","","",""
"Insufficiently active (age-standardized estimate)","15+","Monaco","Both sexes","2008","Europe","...","","","",""
"Insufficiently active (age-standardized estimate)","15+","Mongolia","Both sexes","2008","Western Pacific","9.4 [8.7-10.1]","","","",""
"Insufficiently active (age-standardized estimate)","15+","Morocco","Both sexes","2008","Eastern Mediterranean","...","","","",""
"Insufficiently active (age-standardized estimate)","15+","Mozambique","Both sexes","2008","Africa","7.1 [6.2-8.0]","","","",""
"Insufficiently active (age-standardized estimate)","15+","Myanmar","Both sexes","2008","South-East Asia","12.7 [11.9-13.4]","","","",""
"Insufficiently active (age-standardized estimate)","15+","Namibia","Both sexes","2008","Africa","58.5 [25.3-83.1]","","","",""
"Insufficiently active (age-standardized estimate)","15+","Nauru","Both sexes","2008","Western Pacific","46.5 [44.3-48.7]","","","",""
"Insufficiently active (age-standardized estimate)","15+","Nepal","Both sexes","2008","South-East Asia","15.5 [5.4-44.0]","","","",""
"Insufficiently active (age-standardized estimate)","15+","Netherlands","Both sexes","2008","Europe","18.2 [7.2-52.5]","","","",""
"Insufficiently active (age-standardized estimate)","15+","New Zealand","Both sexes","2008","Western Pacific","47.7 [46.8-48.6]","","","",""
"Insufficiently active (age-standardized estimate)","15+","Nicaragua","Both sexes","2008","Americas","...","","","",""
"Insufficiently active (age-standardized estimate)","15+","Niger","Both sexes","2008","Africa","29.3 [27.6-31.1]","","","",""
"Insufficiently active (age-standardized estimate)","15+","Nigeria","Both sexes","2008","Africa","...","","","",""
"Insufficiently active (age-standardized estimate)","15+","Niue","Both sexes","2008","Western Pacific","...","","","",""
"Insufficiently active (age-standardized estimate)","15+","Norway","Both sexes","2008","Europe","44.2 [16.9-74.7]","","","",""
"Insufficiently active (age-standardized estimate)","15+","Oman","Both sexes","2008","Eastern Mediterranean","...","","","",""
"Insufficiently active (age-standardized estimate)","15+","Pakistan","Both sexes","2008","Eastern Mediterranean","40.4 [16.1-72.8]","","","",""
"Insufficiently active (age-standardized estimate)","15+","Palau","Both sexes","2008","Western Pacific","...","","","",""
"Insufficiently active (age-standardized estimate)","15+","Panama","Both sexes","2008","Americas","...","","","",""
"Insufficiently active (age-standardized estimate)","15+","Papua New Guinea","Both sexes","2008","Western Pacific","19.3 [18.0-20.8]","","","",""
"Insufficiently active (age-standardized estimate)","15+","Paraguay","Both sexes","2008","Americas","41.3 [16.3-73.3]","","","",""
"Insufficiently active (age-standardized estimate)","15+","Peru","Both sexes","2008","Americas","...","","","",""
"Insufficiently active (age-standardized estimate)","15+","Philippines","Both sexes","2008","Western Pacific","23.7 [8.6-57.6]","","","",""
"Insufficiently active (age-standardized estimate)","15+","Poland","Both sexes","2008","Europe","27.6 [10.6-62.9]","","","",""
"Insufficiently active (age-standardized estimate)","15+","Portugal","Both sexes","2008","Europe","51 [20.9-79.1]","","","",""
"Insufficiently active (age-standardized estimate)","15+","Qatar","Both sexes","2008","Eastern Mediterranean","...","","","",""
"Insufficiently active (age-standardized estimate)","15+","Republic of Korea","Both sexes","2008","Western Pacific","...","","","",""
"Insufficiently active (age-standardized estimate)","15+","Republic of Moldova","Both sexes","2008","Europe","...","","","",""
"Insufficiently active (age-standardized estimate)","15+","Romania","Both sexes","2008","Europe","38.7 [14.7-71.4]","","","",""
"Insufficiently active (age-standardized estimate)","15+","Russian Federation","Both sexes","2008","Europe","20.8 [7.4-52.1]","","","",""
"Insufficiently active (age-standardized estimate)","15+","Rwanda","Both sexes","2008","Africa","...","","","",""
"Insufficiently active (age-standardized estimate)","15+","Saint Kitts and Nevis","Both sexes","2008","Americas","38.3 [35.7-40.9]","","","",""
"Insufficiently active (age-standardized estimate)","15+","Saint Lucia","Both sexes","2008","Americas","...","","","",""
"Insufficiently active (age-standardized estimate)","15+","Saint Vincent and the Grenadines","Both sexes","2008","Americas","...","","","",""
"Insufficiently active (age-standardized estimate)","15+","Samoa","Both sexes","2008","Western Pacific","51.1 [49.2-53.0]","","","",""
"Insufficiently active (age-standardized estimate)","15+","San Marino","Both sexes","2008","Europe","...","","","",""
"Insufficiently active (age-standardized estimate)","15+","Montenegro","Male","2008","Europe","...","","","",""
"Insufficiently active (age-standardized estimate)","15+","Sao Tome and Principe","Male","2008","Africa","11.6 [9.3-14.1]","","","",""
"Insufficiently active (age-standardized estimate)","15+","Saudi Arabia","Male","2008","Eastern Mediterranean","61.5 [59.4-63.5]","","","",""
"Insufficiently active (age-standardized estimate)","15+","Senegal","Male","2008","Africa","20.4 [6.9-51.1]","","","",""
"Insufficiently active (age-standardized estimate)","15+","Serbia","Male","2008","Europe","63.2 [30.7-85.5]","","","",""
"Insufficiently active (age-standardized estimate)","15+","Seychelles","Male","2008","Africa","22.4 [19.5-25.6]","","","",""
"Insufficiently active (age-standardized estimate)","15+","Sierra Leone","Male","2008","Africa","16.2 [14.1-18.5]","","","",""
"Insufficiently active (age-standardized estimate)","15+","Singapore","Male","2008","Western Pacific","...","","","",""
"Insufficiently active (age-standardized estimate)","15+","Slovakia","Male","2008","Europe","23.3 [8.2-55.6]","","","",""
"Insufficiently active (age-standardized estimate)","15+","Slovenia","Male","2008","Europe","26.5 [9.6-59.9]","","","",""
"Insufficiently active (age-standardized estimate)","15+","Solomon Islands","Male","2008","Western Pacific","38 [35.3-40.8]","","","",""
"Insufficiently active (age-standardized estimate)","15+","Somalia","Male","2008","Eastern Mediterranean","...","","","",""
"Insufficiently active (age-standardized estimate)","15+","South Africa","Male","2008","Africa","48.4 [46.0-50.9]","","","",""
"Insufficiently active (age-standardized estimate)","15+","Spain","Male","2008","Europe","47.4 [20.1-78.1]","","","",""
"Insufficiently active (age-standardized estimate)","15+","Sri Lanka","Male","2008","South-East Asia","18.5 [17.5-19.5]","","","",""
"Insufficiently active (age-standardized estimate)","15+","Sudan","Male","2008","Eastern Mediterranean","...","","","",""
"Insufficiently active (age-standardized estimate)","15+","Suriname","Male","2008","Americas","...","","","",""
"Insufficiently active (age-standardized estimate)","15+","Swaziland","Male","2008","Africa","65.9 [32.1-86.9]","","","",""
"Insufficiently active (age-standardized estimate)","15+","Sweden","Male","2008","Europe","44.1 [18.9-75.9]","","","",""
"Insufficiently active (age-standardized estimate)","15+","Switzerland","Male","2008","Europe","...","","","",""
"Insufficiently active (age-standardized estimate)","15+","Syrian Arab Republic","Male","2008","Eastern Mediterranean","...","","","",""
"Insufficiently active (age-standardized estimate)","15+","Tajikistan","Male","2008","Europe","...","","","",""
"Insufficiently active (age-standardized estimate)","15+","Thailand","Male","2008","South-East Asia","17.1 [16.3-17.8]","","","",""
"Insufficiently active (age-standardized estimate)","15+","The former Yugoslav Republic of Macedonia","Male","2008","Europe","...","","","",""
"Insufficiently active (age-standardized estimate)","15+","Timor-Leste","Male","2008","South-East Asia","...","","","",""
"Insufficiently active (age-standardized estimate)","15+","Togo","Male","2008","Africa","...","","","",""
"Insufficiently active (age-standardized estimate)","15+","Tonga","Male","2008","Western Pacific","31.8 [27.1-36.7]","","","",""
"Insufficiently active (age-standardized estimate)","15+","Trinidad and Tobago","Male","2008","Americas","...","","","",""
"Insufficiently active (age-standardized estimate)","15+","Tunisia","Male","2008","Eastern Mediterranean","31.5 [12.4-63.8]","","","",""
"Insufficiently active (age-standardized estimate)","15+","Turkey","Male","2008","Europe","49.5 [21.6-78.8]","","","",""
"Insufficiently active (age-standardized estimate)","15+","Turkmenistan","Male","2008","Europe","...","","","",""
"Insufficiently active (age-standardized estimate)","15+","Tuvalu","Male","2008","Western Pacific","...","","","",""
"Insufficiently active (age-standardized estimate)","15+","Uganda","Male","2008","Africa","...","","","",""
"Insufficiently active (age-standardized estimate)","15+","Ukraine","Male","2008","Europe","20.4 [7.2-52.4]","","","",""
"Insufficiently active (age-standardized estimate)","15+","United Arab Emirates","Male","2008","Eastern Mediterranean","56.1 [25.8-82.9]","","","",""
"Insufficiently active (age-standardized estimate)","15+","United Kingdom","Male","2008","Europe","58 [56.8-59.1]","","","",""
"Insufficiently active (age-standardized estimate)","15+","United Republic of Tanzania","Male","2008","Africa","...","","","",""
"Insufficiently active (age-standardized estimate)","15+","United States of America","Male","2008","Americas","33.5 [31.9-35.2]","","","",""
"Insufficiently active (age-standardized estimate)","15+","Uruguay","Male","2008","Americas","28 [24.5-31.6]","","","",""
"Insufficiently active (age-standardized estimate)","15+","Uzbekistan","Male","2008","Europe","...","","","",""
"Insufficiently active (age-standardized estimate)","15+","Vanuatu","Male","2008","Western Pacific","...","","","",""
"Insufficiently active (age-standardized estimate)","15+","Venezuela (Bolivarian Republic of)","Male","2008","Americas","...","","","",""
"Insufficiently active (age-standardized estimate)","15+","Viet Nam","Male","2008","Western Pacific","14.6 [4.5-39.5]","","","",""
"Insufficiently active (age-standardized estimate)","15+","Yemen","Male","2008","Eastern Mediterranean","...","","","",""
"Insufficiently active (age-standardized estimate)","15+","Zambia","Male","2008","Africa","15.1 [4.8-40.8]","","","",""
"Insufficiently active (age-standardized estimate)","15+","Zimbabwe","Male","2008","Africa","21.8 [7.9-51.8]","","","",""
"Insufficiently active (age-standardized estimate)","15+","Montenegro","Female","2008","Europe","...","","","",""
"Insufficiently active (age-standardized estimate)","15+","Sao Tome and Principe","Female","2008","Africa","26.3 [24.5-28.4]","","","",""
"Insufficiently active (age-standardized estimate)","15+","Saudi Arabia","Female","2008","Eastern Mediterranean","76.2 [74.3-77.9]","","","",""
"Insufficiently active (age-standardized estimate)","15+","Senegal","Female","2008","Africa","25.8 [9.3-58.5]","","","",""
"Insufficiently active (age-standardized estimate)","15+","Serbia","Female","2008","Europe","73.3 [37.5-89.4]","","","",""
"Insufficiently active (age-standardized estimate)","15+","Seychelles","Female","2008","Africa","22.4 [19.1-26.1]","","","",""
"Insufficiently active (age-standardized estimate)","15+","Sierra Leone","Female","2008","Africa","23.6 [21.6-25.7]","","","",""
"Insufficiently active (age-standardized estimate)","15+","Singapore","Female","2008","Western Pacific","...","","","",""
"Insufficiently active (age-standardized estimate)","15+","Slovakia","Female","2008","Europe","21.2 [7.5-53.1]","","","",""
"Insufficiently active (age-standardized estimate)","15+","Slovenia","Female","2008","Europe","33.6 [13.2-68.0]","","","",""
"Insufficiently active (age-standardized estimate)","15+","Solomon Islands","Female","2008","Western Pacific","49.5 [47.0-52.0]","","","",""
"Insufficiently active (age-standardized estimate)","15+","Somalia","Female","2008","Eastern Mediterranean","...","","","",""
"Insufficiently active (age-standardized estimate)","15+","South Africa","Female","2008","Africa","56.5 [54.4-58.5]","","","",""
"Insufficiently active (age-standardized estimate)","15+","Spain","Female","2008","Europe","53.1 [23.6-81.0]","","","",""
"Insufficiently active (age-standardized estimate)","15+","Sri Lanka","Female","2008","South-East Asia","33.3 [32.2-34.5]","","","",""
"Insufficiently active (age-standardized estimate)","15+","Sudan","Female","2008","Eastern Mediterranean","...","","","",""
"Insufficiently active (age-standardized estimate)","15+","Suriname","Female","2008","Americas","...","","","",""
"Insufficiently active (age-standardized estimate)","15+","Swaziland","Female","2008","Africa","72.1 [36.8-89.0]","","","",""
"Insufficiently active (age-standardized estimate)","15+","Sweden","Female","2008","Europe","44.3 [19.3-75.8]","","","",""
"Insufficiently active (age-standardized estimate)","15+","Switzerland","Female","2008","Europe","...","","","",""
"Insufficiently active (age-standardized estimate)","15+","Syrian Arab Republic","Female","2008","Eastern Mediterranean","...","","","",""
"Insufficiently active (age-standardized estimate)","15+","Tajikistan","Female","2008","Europe","...","","","",""
"Insufficiently active (age-standardized estimate)","15+","Thailand","Female","2008","South-East Asia","21.4 [20.6-22.1]","","","",""
"Insufficiently active (age-standardized estimate)","15+","The former Yugoslav Republic of Macedonia","Female","2008","Europe","...","","","",""
"Insufficiently active (age-standardized estimate)","15+","Timor-Leste","Female","2008","South-East Asia","...","","","",""
"Insufficiently active (age-standardized estimate)","15+","Togo","Female","2008","Africa","...","","","",""
"Insufficiently active (age-standardized estimate)","15+","Tonga","Female","2008","Western Pacific","51.9 [47.6-56.2]","","","",""
"Insufficiently active (age-standardized estimate)","15+","Trinidad and Tobago","Female","2008","Americas","...","","","",""
"Insufficiently active (age-standardized estimate)","15+","Tunisia","Female","2008","Eastern Mediterranean","40.3 [17.0-72.1]","","","",""
"Insufficiently active (age-standardized estimate)","15+","Turkey","Female","2008","Europe","62.5 [29.7-84.9]","","","",""
"Insufficiently active (age-standardized estimate)","15+","Turkmenistan","Female","2008","Europe","...","","","",""
"Insufficiently active (age-standardized estimate)","15+","Tuvalu","Female","2008","Western Pacific","...","","","",""
"Insufficiently active (age-standardized estimate)","15+","Uganda","Female","2008","Africa","...","","","",""
"Insufficiently active (age-standardized estimate)","15+","Ukraine","Female","2008","Europe","16.3 [6.2-44.6]","","","",""
"Insufficiently active (age-standardized estimate)","15+","United Arab Emirates","Female","2008","Eastern Mediterranean","68.9 [34.6-88.3]","","","",""
"Insufficiently active (age-standardized estimate)","15+","United Kingdom","Female","2008","Europe","68.6 [67.6-69.6]","","","",""
"Insufficiently active (age-standardized estimate)","15+","United Republic of Tanzania","Female","2008","Africa","...","","","",""
"Insufficiently active (age-standardized estimate)","15+","United States of America","Female","2008","Americas","47.4 [45.7-49.1]","","","",""
"Insufficiently active (age-standardized estimate)","15+","Uruguay","Female","2008","Americas","40.2 [37.5-42.9]","","","",""
"Insufficiently active (age-standardized estimate)","15+","Uzbekistan","Female","2008","Europe","...","","","",""
"Insufficiently active (age-standardized estimate)","15+","Vanuatu","Female","2008","Western Pacific","...","","","",""
"Insufficiently active (age-standardized estimate)","15+","Venezuela (Bolivarian Republic of)","Female","2008","Americas","...","","","",""
"Insufficiently active (age-standardized estimate)","15+","Viet Nam","Female","2008","Western Pacific","15.9 [5.2-41.8]","","","",""
"Insufficiently active (age-standardized estimate)","15+","Yemen","Female","2008","Eastern Mediterranean","...","","","",""
"Insufficiently active (age-standardized estimate)","15+","Zambia","Female","2008","Africa","19.3 [6.6-48.2]","","","",""
"Insufficiently active (age-standardized estimate)","15+","Zimbabwe","Female","2008","Africa","25.8 [9.5-58.9]","","","",""
"Insufficiently active (age-standardized estimate)","15+","Montenegro","Both sexes","2008","Europe","...","","","",""
"Insufficiently active (age-standardized estimate)","15+","Sao Tome and Principe","Both sexes","2008","Africa","19 [17.5-20.6]","","","",""
"Insufficiently active (age-standardized estimate)","15+","Saudi Arabia","Both sexes","2008","Eastern Mediterranean","68.8 [67.4-70.2]","","","",""
"Insufficiently active (age-standardized estimate)","15+","Senegal","Both sexes","2008","Africa","23.1 [9.3-59.2]","","","",""
"Insufficiently active (age-standardized estimate)","15+","Serbia","Both sexes","2008","Europe","68.3 [31.0-86.9]","","","",""
"Insufficiently active (age-standardized estimate)","15+","Seychelles","Both sexes","2008","Africa","22.4 [20.2-24.8]","","","",""
"Insufficiently active (age-standardized estimate)","15+","Sierra Leone","Both sexes","2008","Africa","19.9 [18.4-21.4]","","","",""
"Insufficiently active (age-standardized estimate)","15+","Singapore","Both sexes","2008","Western Pacific","...","","","",""
"Insufficiently active (age-standardized estimate)","15+","Slovakia","Both sexes","2008","Europe","22.2 [9.1-59.0]","","","",""
"Insufficiently active (age-standardized estimate)","15+","Slovenia","Both sexes","2008","Europe","30 [11.1-64.5]","","","",""
"Insufficiently active (age-standardized estimate)","15+","Solomon Islands","Both sexes","2008","Western Pacific","43.7 [41.9-45.6]","","","",""
"Insufficiently active (age-standardized estimate)","15+","Somalia","Both sexes","2008","Eastern Mediterranean","...","","","",""
"Insufficiently active (age-standardized estimate)","15+","South Africa","Both sexes","2008","Africa","52.4 [50.9-54.0]","","","",""
"Insufficiently active (age-standardized estimate)","15+","Spain","Both sexes","2008","Europe","50.2 [20.4-78.9]","","","",""
"Insufficiently active (age-standardized estimate)","15+","Sri Lanka","Both sexes","2008","South-East Asia","25.9 [25.1-26.7]","","","",""
"Insufficiently active (age-standardized estimate)","15+","Sudan","Both sexes","2008","Eastern Mediterranean","...","","","",""
"Insufficiently active (age-standardized estimate)","15+","Suriname","Both sexes","2008","Americas","...","","","",""
"Insufficiently active (age-standardized estimate)","15+","Swaziland","Both sexes","2008","Africa","69 [31.0-87.2]","","","",""
"Insufficiently active (age-standardized estimate)","15+","Sweden","Both sexes","2008","Europe","44.2 [17.9-75.3]","","","",""
"Insufficiently active (age-standardized estimate)","15+","Switzerland","Both sexes","2008","Europe","...","","","",""
"Insufficiently active (age-standardized estimate)","15+","Syrian Arab Republic","Both sexes","2008","Eastern Mediterranean","...","","","",""
"Insufficiently active (age-standardized estimate)","15+","Tajikistan","Both sexes","2008","Europe","...","","","",""
"Insufficiently active (age-standardized estimate)","15+","Thailand","Both sexes","2008","South-East Asia","19.2 [18.7-19.8]","","","",""
"Insufficiently active (age-standardized estimate)","15+","The former Yugoslav Republic of Macedonia","Both sexes","2008","Europe","...","","","",""
"Insufficiently active (age-standardized estimate)","15+","Timor-Leste","Both sexes","2008","South-East Asia","...","","","",""
"Insufficiently active (age-standardized estimate)","15+","Togo","Both sexes","2008","Africa","...","","","",""
"Insufficiently active (age-standardized estimate)","15+","Tonga","Both sexes","2008","Western Pacific","41.8 [38.6-45.1]","","","",""
"Insufficiently active (age-standardized estimate)","15+","Trinidad and Tobago","Both sexes","2008","Americas","...","","","",""
"Insufficiently active (age-standardized estimate)","15+","Tunisia","Both sexes","2008","Eastern Mediterranean","35.9 [13.9-68.4]","","","",""
"Insufficiently active (age-standardized estimate)","15+","Turkey","Both sexes","2008","Europe","56 [23.8-81.4]","","","",""
"Insufficiently active (age-standardized estimate)","15+","Turkmenistan","Both sexes","2008","Europe","...","","","",""
"Insufficiently active (age-standardized estimate)","15+","Tuvalu","Both sexes","2008","Western Pacific","...","","","",""
"Insufficiently active (age-standardized estimate)","15+","Uganda","Both sexes","2008","Africa","...","","","",""
"Insufficiently active (age-standardized estimate)","15+","Ukraine","Both sexes","2008","Europe","18.4 [6.6-50.3]","","","",""
"Insufficiently active (age-standardized estimate)","15+","United Arab Emirates","Both sexes","2008","Eastern Mediterranean","62.5 [25.5-83.6]","","","",""
"Insufficiently active (age-standardized estimate)","15+","United Kingdom","Both sexes","2008","Europe","63.3 [62.5-64.1]","","","",""
"Insufficiently active (age-standardized estimate)","15+","United Republic of Tanzania","Both sexes","2008","Africa","...","","","",""
"Insufficiently active (age-standardized estimate)","15+","United States of America","Both sexes","2008","Americas","40.5 [39.3-41.7]","","","",""
"Insufficiently active (age-standardized estimate)","15+","Uruguay","Both sexes","2008","Americas","34.1 [31.9-36.3]","","","",""
"Insufficiently active (age-standardized estimate)","15+","Uzbekistan","Both sexes","2008","Europe","...","","","",""
"Insufficiently active (age-standardized estimate)","15+","Vanuatu","Both sexes","2008","Western Pacific","...","","","",""
"Insufficiently active (age-standardized estimate)","15+","Venezuela (Bolivarian Republic of)","Both sexes","2008","Americas","...","","","",""
"Insufficiently active (age-standardized estimate)","15+","Viet Nam","Both sexes","2008","Western Pacific","15.3 [5.6-44.4]","","","",""
"Insufficiently active (age-standardized estimate)","15+","Yemen","Both sexes","2008","Eastern Mediterranean","...","","","",""
"Insufficiently active (age-standardized estimate)","15+","Zambia","Both sexes","2008","Africa","17.2 [5.9-47.7]","","","",""
"Insufficiently active (age-standardized estimate)","15+","Zimbabwe","Both sexes","2008","Africa","23.8 [8.9-58.2]","","","",""
"Insufficiently active (age-standardized estimate)","15+","","Male","2008","Africa","24.0","","","",""
"Insufficiently active (age-standardized estimate)","15+","","Male","2008","Americas","40.4","","","",""
"Insufficiently active (age-standardized estimate)","15+","","Male","2008","Eastern Mediterranean","36.4","","","",""
"Insufficiently active (age-standardized estimate)","15+","","Male","2008","Europe","34.8","","","",""
"Insufficiently active (age-standardized estimate)","15+","","Male","2008","South-East Asia","17.2","","","",""
"Insufficiently active (age-standardized estimate)","15+","","Male","2008","Western Pacific","32.0","","","",""
"Insufficiently active (age-standardized estimate)","15+","","Female","2008","Africa","31.6","","","",""
"Insufficiently active (age-standardized estimate)","15+","","Female","2008","Americas","47.5","","","",""
"Insufficiently active (age-standardized estimate)","15+","","Female","2008","Eastern Mediterranean","47.6","","","",""
"Insufficiently active (age-standardized estimate)","15+","","Female","2008","Europe","37.2","","","",""
"Insufficiently active (age-standardized estimate)","15+","","Female","2008","South-East Asia","21.8","","","",""
"Insufficiently active (age-standardized estimate)","15+","","Female","2008","Western Pacific","34.5","","","",""
"Insufficiently active (age-standardized estimate)","15+","","Both sexes","2008","Africa","28.0","","","",""
"Insufficiently active (age-standardized estimate)","15+","","Both sexes","2008","Americas","44.0","","","",""
"Insufficiently active (age-standardized estimate)","15+","","Both sexes","2008","Eastern Mediterranean","41.9","","","",""
"Insufficiently active (age-standardized estimate)","15+","","Both sexes","2008","Europe","36.0","","","",""
"Insufficiently active (age-standardized estimate)","15+","","Both sexes","2008","South-East Asia","19.5","","","",""
"Insufficiently active (age-standardized estimate)","15+","","Both sexes","2008","Western Pacific","33.2","","","",""
"Insufficiently active (age-standardized estimate)","15+","","Male","2008","Low income","20.7","","","",""
"Insufficiently active (age-standardized estimate)","15+","","Male","2008","Lower middle income","24.5","","","",""
"Insufficiently active (age-standardized estimate)","15+","","Male","2008","Upper middle income","40.1","","","",""
"Insufficiently active (age-standardized estimate)","15+","","Male","2008","High income","40.6","","","",""
"Insufficiently active (age-standardized estimate)","15+","","Female","2008","Low income","26.1","","","",""
"Insufficiently active (age-standardized estimate)","15+","","Female","2008","Lower middle income","29.1","","","",""
"Insufficiently active (age-standardized estimate)","15+","","Female","2008","Upper middle income","43.7","","","",""
"Insufficiently active (age-standardized estimate)","15+","","Female","2008","High income","47.5","","","",""
"Insufficiently active (age-standardized estimate)","15+","","Both sexes","2008","Low income","23.5","","","",""
"Insufficiently active (age-standardized estimate)","15+","","Both sexes","2008","Lower middle income","26.8","","","",""
"Insufficiently active (age-standardized estimate)","15+","","Both sexes","2008","Upper middle income","42.0","","","",""
"Insufficiently active (age-standardized estimate)","15+","","Both sexes","2008","High income","44.0","","","",""

